{"stats":{"minecraft:custom":{"minecraft:interact_with_crafting_table":157,"minecraft:bell_ring":36,"minecraft:leave_game":8,"minecraft:time_since_death":650273,"minecraft:sprint_one_cm":2396835,"minecraft:damage_blocked_by_shield":80,"minecraft:drop":139,"minecraft:talked_to_villager":131,"minecraft:play_time":650273,"minecraft:jump":12173,"minecraft:interact_with_brewingstand":4,"minecraft:walk_on_water_one_cm":68116,"minecraft:enchant_item":5,"minecraft:interact_with_furnace":299,"minecraft:traded_with_villager":238,"minecraft:sleep_in_bed":12,"minecraft:damage_dealt":30500,"minecraft:crouch_one_cm":144116,"minecraft:interact_with_smoker":6,"minecraft:horse_one_cm":6570,"minecraft:interact_with_anvil":3,"minecraft:mob_kills":398,"minecraft:inspect_hopper":8,"minecraft:fill_cauldron":1,"minecraft:climb_one_cm":64982,"minecraft:walk_one_cm":1462712,"minecraft:raid_win":1,"minecraft:sneak_time":39745,"minecraft:walk_under_water_one_cm":54594,"minecraft:boat_one_cm":3977,"minecraft:total_world_time":650273,"minecraft:interact_with_stonecutter":8,"minecraft:time_since_rest":88297,"minecraft:damage_taken":6154,"minecraft:swim_one_cm":67797,"minecraft:fly_one_cm":2763498,"minecraft:open_chest":945,"minecraft:fall_one_cm":332016},"minecraft:mined":{"minecraft:brewing_stand":1,"minecraft:granite":9,"minecraft:grass_block":38,"minecraft:stone_brick_wall":9,"minecraft:cracked_polished_blackstone_bricks":9,"minecraft:soul_soil":4,"minecraft:oak_wall_sign":4,"minecraft:nether_wart":11,"minecraft:gilded_blackstone":2,"minecraft:chiseled_stone_bricks":1,"minecraft:sandstone_stairs":7,"minecraft:polished_blackstone_bricks":32,"minecraft:magma_block":16,"minecraft:glowstone":36,"minecraft:iron_ore":24,"minecraft:cobbled_deepslate":18,"minecraft:fire":17,"minecraft:nether_brick_stairs":4,"minecraft:oak_sign":1,"minecraft:dirt_path":6,"minecraft:oak_stairs":38,"minecraft:iron_bars":5,"minecraft:sandstone_slab":213,"minecraft:cut_sandstone":152,"minecraft:red_bed":13,"minecraft:blackstone":4,"minecraft:smoker":6,"minecraft:crimson_nylium":7,"minecraft:soul_fire":5,"minecraft:torch":2,"minecraft:melon":5,"minecraft:chest":5,"minecraft:dead_bush":5,"minecraft:glass":25,"minecraft:nether_quartz_ore":9,"minecraft:cobblestone":106,"minecraft:sugar_cane":2050,"minecraft:oak_planks":132,"minecraft:wall_torch":6,"minecraft:chain":1,"minecraft:powered_rail":1,"minecraft:mud":1,"minecraft:stone_brick_stairs":6,"minecraft:grass":8,"minecraft:oak_log":302,"minecraft:oak_fence_gate":3,"minecraft:sand":1604,"minecraft:dirt":131,"minecraft:stonecutter":3,"minecraft:netherrack":232,"minecraft:piston":29,"minecraft:oak_leaves":42,"minecraft:mossy_cobblestone":46,"minecraft:oak_door":7,"minecraft:ladder":2,"minecraft:nether_bricks":19,"minecraft:redstone_wire":24,"minecraft:mangrove_propagule":3,"minecraft:sandstone":1935,"minecraft:hay_block":10,"minecraft:oak_trapdoor":11,"minecraft:furnace":14,"minecraft:andesite":93,"minecraft:bell":2,"minecraft:nether_brick_fence":2,"minecraft:polished_deepslate":129,"minecraft:cobblestone_slab":67,"minecraft:rail":3,"minecraft:lantern":2,"minecraft:stripped_oak_log":25,"minecraft:stone":1105,"minecraft:bone_block":36,"minecraft:oak_slab":24,"minecraft:redstone_block":2,"minecraft:glass_pane":4,"minecraft:soul_sand":44,"minecraft:observer":13,"minecraft:oak_fence":20,"minecraft:crafting_table":4,"minecraft:lectern":41,"minecraft:tall_grass":1,"minecraft:copper_ore":25,"minecraft:diorite":2,"minecraft:cactus":52,"minecraft:white_wall_banner":2,"minecraft:yellow_bed":10,"minecraft:coal_ore":88,"minecraft:gravel":17,"minecraft:stone_bricks":22,"minecraft:fern":2},"minecraft:broken":{"minecraft:golden_helmet":1,"minecraft:iron_shovel":3,"minecraft:stone_axe":1,"minecraft:stone_shovel":2,"minecraft:iron_axe":3,"minecraft:iron_pickaxe":2},"minecraft:used":{"minecraft:iron_shovel":803,"minecraft:polished_deepslate":246,"minecraft:oak_sign":19,"minecraft:ladder":33,"minecraft:chest":41,"minecraft:shield":2,"minecraft:stone":19,"minecraft:iron_sword":409,"minecraft:bell":2,"minecraft:iron_chestplate":1,"minecraft:nether_bricks":17,"minecraft:obsidian":10,"minecraft:glass":1193,"minecraft:lantern":36,"minecraft:hopper_minecart":4,"minecraft:stone_brick_stairs":26,"minecraft:stone_bricks":304,"minecraft:item_frame":12,"minecraft:golden_sword":18,"minecraft:magma_block":2,"minecraft:hay_block":2,"minecraft:furnace":14,"minecraft:beetroot_seeds":3,"minecraft:egg":1,"minecraft:diorite":2,"minecraft:oak_planks":181,"minecraft:stone_pickaxe":119,"minecraft:powered_rail":7,"minecraft:cactus":192,"minecraft:blackstone":3,"minecraft:sandstone":178,"minecraft:redstone_block":4,"minecraft:sugar_cane":394,"minecraft:oak_leaves":132,"minecraft:sand":678,"minecraft:crossbow":27,"minecraft:stone_brick_wall":47,"minecraft:bread":1,"minecraft:lectern":42,"minecraft:pufferfish":1,"minecraft:andesite":66,"minecraft:chain":23,"minecraft:oak_boat":2,"minecraft:oak_fence":40,"minecraft:oak_trapdoor":24,"minecraft:iron_bars":29,"minecraft:flint_and_steel":1,"minecraft:stone_shovel":263,"minecraft:redstone":96,"minecraft:netherrack":117,"minecraft:oak_door":6,"minecraft:torch":35,"minecraft:dirt":11,"minecraft:anvil":1,"minecraft:hopper":6,"minecraft:oak_fence_gate":10,"minecraft:stone_brick_slab":4,"minecraft:iron_axe":896,"minecraft:oak_stairs":99,"minecraft:beef":1,"minecraft:cooked_beef":67,"minecraft:cobbled_deepslate":36,"minecraft:observer":28,"minecraft:cooked_mutton":33,"minecraft:water_bucket":284,"minecraft:sandstone_stairs":1,"minecraft:glass_bottle":3,"minecraft:cut_sandstone":1151,"minecraft:cauldron":1,"minecraft:stonecutter":3,"minecraft:cobblestone_slab":154,"minecraft:polished_blackstone_bricks":21,"minecraft:rail":33,"minecraft:oak_slab":78,"minecraft:crafting_table":11,"minecraft:red_bed":12,"minecraft:spider_eye":1,"minecraft:white_bed":3,"minecraft:smoker":6,"minecraft:oak_log":141,"minecraft:piston":101,"minecraft:diamond_pickaxe":3547,"minecraft:diamond_shovel":554,"minecraft:cracked_polished_blackstone_bricks":8,"minecraft:oak_button":3,"minecraft:iron_pickaxe":945,"minecraft:stone_axe":135,"minecraft:chiseled_stone_bricks":4,"minecraft:cobblestone":219,"minecraft:white_banner":2,"minecraft:cooked_porkchop":29,"minecraft:bucket":286,"minecraft:sandstone_slab":653,"minecraft:yellow_bed":10,"minecraft:stripped_oak_log":16,"minecraft:splash_potion":1},"minecraft:picked_up":{"minecraft:seagrass":3,"minecraft:iron_chestplate":2,"minecraft:wheat":2,"minecraft:redstone_block":2,"minecraft:nether_brick_fence":4,"minecraft:lead":4,"minecraft:oak_stairs":37,"minecraft:enchanted_book":9,"minecraft:gilded_blackstone":9,"minecraft:stone_brick_stairs":4,"minecraft:brewing_stand":2,"minecraft:polished_deepslate":154,"minecraft:string":43,"minecraft:raw_copper":69,"minecraft:pufferfish":5,"minecraft:oak_sign":7,"minecraft:gold_nugget":10,"minecraft:cobbled_deepslate":54,"minecraft:bucket":1,"minecraft:cobblestone_slab":92,"minecraft:iron_pickaxe":5,"minecraft:hopper_minecart":3,"minecraft:melon_slice":27,"minecraft:furnace":14,"minecraft:stick":8,"minecraft:oak_fence":23,"minecraft:torch":23,"minecraft:porkchop":19,"minecraft:diorite":2,"minecraft:music_disc_pigstep":1,"minecraft:cactus":270,"minecraft:rotten_flesh":357,"minecraft:blaze_rod":17,"minecraft:obsidian":14,"minecraft:iron_bars":5,"minecraft:blaze_powder":6,"minecraft:cobblestone":1256,"minecraft:magma_block":11,"minecraft:cooked_beef":14,"minecraft:feather":5,"minecraft:magma_cream":27,"minecraft:andesite":87,"minecraft:smoker":6,"minecraft:potato":3,"minecraft:flint":2,"minecraft:dirt":213,"minecraft:lantern":2,"minecraft:bone":19,"minecraft:stonecutter":3,"minecraft:bow":1,"minecraft:wheat_seeds":12,"minecraft:raw_gold":30,"minecraft:bell":2,"minecraft:glowstone_dust":226,"minecraft:powered_rail":5,"minecraft:oak_planks":206,"minecraft:cooked_porkchop":12,"minecraft:sand":2332,"minecraft:nether_brick_stairs":8,"minecraft:mossy_cobblestone":46,"minecraft:diamond":17,"minecraft:cracked_polished_blackstone_bricks":8,"minecraft:granite":9,"minecraft:emerald":5,"minecraft:netherrack":124,"minecraft:piglin_banner_pattern":1,"minecraft:oak_sapling":13,"minecraft:crimson_roots":2,"minecraft:diamond_pickaxe":4,"minecraft:mud":1,"minecraft:crafting_table":4,"minecraft:sandstone_slab":192,"minecraft:chicken":3,"minecraft:nether_wart":80,"minecraft:stone_brick_wall":8,"minecraft:chain":24,"minecraft:shield":1,"minecraft:oak_trapdoor":12,"minecraft:red_bed":12,"minecraft:iron_axe":1,"minecraft:white_carpet":1,"minecraft:iron_shovel":1,"minecraft:blackstone":4,"minecraft:beef":16,"minecraft:oak_boat":1,"minecraft:observer":13,"minecraft:lectern":41,"minecraft:chest":5,"minecraft:sugar_cane":3838,"minecraft:piston":27,"minecraft:egg":1,"minecraft:raw_iron":27,"minecraft:sandstone":1570,"minecraft:oak_door":8,"minecraft:fire_charge":1,"minecraft:polished_blackstone_bricks":43,"minecraft:carrot":1,"minecraft:redstone":24,"minecraft:arrow":9,"minecraft:diamond_chestplate":1,"minecraft:nether_bricks":21,"minecraft:hay_block":18,"minecraft:sandstone_stairs":5,"minecraft:gold_ingot":17,"minecraft:mutton":16,"minecraft:bone_block":74,"minecraft:rail":9,"minecraft:white_wool":10,"minecraft:stripped_oak_log":24,"minecraft:cut_sandstone":131,"minecraft:leather":42,"minecraft:oak_log":374,"minecraft:ancient_debris":2,"minecraft:yellow_bed":10,"minecraft:gunpowder":10,"minecraft:paper":105,"minecraft:white_banner":3,"minecraft:cooked_mutton":10,"minecraft:apple":1,"minecraft:stone_bricks":19,"minecraft:oak_fence_gate":3,"minecraft:iron_ingot":5,"minecraft:stone_pickaxe":4,"minecraft:iron_sword":1,"minecraft:soul_sand":88,"minecraft:book":4,"minecraft:oak_slab":31,"minecraft:chiseled_stone_bricks":1,"minecraft:quartz":49,"minecraft:gravel":31,"minecraft:crying_obsidian":6,"minecraft:spider_eye":2,"minecraft:diamond_shovel":1,"minecraft:mangrove_propagule":2,"minecraft:coal":234,"minecraft:ender_pearl":2},"minecraft:crafted":{"minecraft:oak_planks":1472,"minecraft:cobblestone_slab":492,"minecraft:oak_sign":33,"minecraft:cut_sandstone":1064,"minecraft:blaze_powder":4,"minecraft:cooked_chicken":3,"minecraft:stone":498,"minecraft:bookshelf":16,"minecraft:cooked_mutton":13,"minecraft:iron_bars":64,"minecraft:glass":1306,"minecraft:hopper":7,"minecraft:stone_brick_slab":18,"minecraft:diamond_helmet":1,"minecraft:diamond_leggings":1,"minecraft:chest":53,"minecraft:oak_button":3,"minecraft:rail":64,"minecraft:stone_bricks":160,"minecraft:oak_fence":15,"minecraft:glass_bottle":3,"minecraft:item_frame":12,"minecraft:oak_slab":90,"minecraft:emerald":229,"minecraft:cooked_porkchop":19,"minecraft:cauldron":1,"minecraft:crafting_table":7,"minecraft:iron_helmet":1,"minecraft:hopper_minecart":1,"minecraft:stone_brick_stairs":28,"minecraft:lectern":1,"minecraft:book":12,"minecraft:paper":5145,"minecraft:diamond_pickaxe":1,"minecraft:stick":292,"minecraft:iron_ingot":162,"minecraft:iron_pickaxe":4,"minecraft:iron_block":3,"minecraft:gold_ingot":62,"minecraft:oak_door":3,"minecraft:redstone":225,"minecraft:stone_shovel":2,"minecraft:stone_brick_wall":11,"minecraft:iron_nugget":279,"minecraft:furnace":2,"minecraft:piston":97,"minecraft:oak_trapdoor":20,"minecraft:lantern":34,"minecraft:polished_deepslate":148,"minecraft:iron_axe":5,"minecraft:ladder":33,"minecraft:stone_pickaxe":1,"minecraft:diamond_boots":1,"minecraft:redstone_block":8,"minecraft:minecart":1,"minecraft:observer":15,"minecraft:cooked_beef":14,"minecraft:sugar":2,"minecraft:enchanting_table":1,"minecraft:powered_rail":6,"minecraft:iron_sword":1,"minecraft:sandstone_slab":696,"minecraft:bucket":4,"minecraft:stone_axe":2,"minecraft:enchanted_book":9,"minecraft:air":0,"minecraft:oak_fence_gate":9,"minecraft:oak_boat":2,"minecraft:fermented_spider_eye":1,"minecraft:oak_stairs":84,"minecraft:iron_shovel":3,"minecraft:iron_leggings":1,"minecraft:anvil":1,"minecraft:white_bed":3,"minecraft:torch":172,"minecraft:lapis_lazuli":9},"minecraft:dropped":{"minecraft:iron_sword":1,"minecraft:cooked_beef":5,"minecraft:oak_log":150,"minecraft:cooked_porkchop":3,"minecraft:sandstone_slab":166,"minecraft:flint":1,"minecraft:dirt":46,"minecraft:mutton":2,"minecraft:crimson_roots":2,"minecraft:seagrass":3,"minecraft:gilded_blackstone":2,"minecraft:sand":334,"minecraft:iron_pickaxe":6,"minecraft:bone":4,"minecraft:gravel":15,"minecraft:blackstone":1,"minecraft:sugar_cane":141,"minecraft:iron_nugget":2,"minecraft:golden_chestplate":1,"minecraft:cobbled_deepslate":193,"minecraft:rotten_flesh":125,"minecraft:oak_planks":108,"minecraft:diamond_shovel":2,"minecraft:cooked_mutton":15,"minecraft:carrot":1,"minecraft:gunpowder":3,"minecraft:arrow":4,"minecraft:glass":26,"minecraft:netherrack":2,"minecraft:enchanting_table":1,"minecraft:golden_boots":1,"minecraft:oak_slab":1,"minecraft:wheat_seeds":3,"minecraft:golden_helmet":1,"minecraft:bookshelf":15,"minecraft:cobblestone":52,"minecraft:stick":5,"minecraft:pufferfish":4,"minecraft:torch":49,"minecraft:fire_charge":1,"minecraft:oak_stairs":4,"minecraft:iron_axe":1,"minecraft:cactus":1,"minecraft:paper":6,"minecraft:string":13,"minecraft:stripped_oak_log":1,"minecraft:oak_sign":13,"minecraft:flint_and_steel":1,"minecraft:potato":1,"minecraft:cobblestone_slab":3,"minecraft:stone":106,"minecraft:diamond_pickaxe":3,"minecraft:iron_chestplate":1,"minecraft:oak_sapling":1,"minecraft:golden_leggings":1,"minecraft:spider_eye":1,"minecraft:stone_bricks":5,"minecraft:sandstone":9,"minecraft:stone_pickaxe":5},"minecraft:killed":{"minecraft:zombified_piglin":1,"minecraft:spider":9,"minecraft:pufferfish":3,"minecraft:skeleton":14,"minecraft:chicken":3,"minecraft:turtle":2,"minecraft:pig":6,"minecraft:creeper":10,"minecraft:sheep":10,"minecraft:pillager":4,"minecraft:zombie":264,"minecraft:blaze":35,"minecraft:cow":16,"minecraft:vindicator":1,"minecraft:husk":13,"minecraft:frog":1,"minecraft:enderman":1}},"DataVersion":3120}