{"stats":{"minecraft:broken":{"minecraft:shears":1,"minecraft:stone_hoe":1,"minecraft:wooden_pickaxe":2,"minecraft:stone_pickaxe":2,"minecraft:iron_axe":2,"minecraft:stone_axe":2,"minecraft:iron_pickaxe":3},"minecraft:custom":{"minecraft:mob_kills":36,"minecraft:interact_with_crafting_table":94,"minecraft:bell_ring":1,"minecraft:leave_game":7,"minecraft:time_since_death":289329,"minecraft:climb_one_cm":2436,"minecraft:sprint_one_cm":394306,"minecraft:damage_blocked_by_shield":300,"minecraft:walk_one_cm":1544661,"minecraft:drop":27,"minecraft:talked_to_villager":17,"minecraft:play_time":348536,"minecraft:sneak_time":26716,"minecraft:deaths":1,"minecraft:walk_under_water_one_cm":67791,"minecraft:boat_one_cm":86292,"minecraft:interact_with_brewingstand":1,"minecraft:jump":3938,"minecraft:walk_on_water_one_cm":68716,"minecraft:total_world_time":348536,"minecraft:interact_with_furnace":100,"minecraft:interact_with_stonecutter":3,"minecraft:sleep_in_bed":5,"minecraft:time_since_rest":90691,"minecraft:damage_taken":2945,"minecraft:damage_dealt":6209,"minecraft:swim_one_cm":34915,"minecraft:fly_one_cm":432064,"minecraft:open_chest":268,"minecraft:crouch_one_cm":88523,"minecraft:interact_with_smoker":12,"minecraft:fall_one_cm":84320},"minecraft:mined":{"minecraft:tuff":7,"minecraft:white_bed":5,"minecraft:deepslate_diamond_ore":9,"minecraft:oak_door":6,"minecraft:brewing_stand":1,"minecraft:glow_lichen":1,"minecraft:grass_block":178,"minecraft:redstone_wire":1,"minecraft:birch_slab":26,"minecraft:sandstone":6,"minecraft:sandstone_stairs":1,"minecraft:hay_block":19,"minecraft:redstone_ore":8,"minecraft:magma_block":9,"minecraft:furnace":9,"minecraft:iron_ore":82,"minecraft:cobbled_deepslate":1,"minecraft:andesite":30,"minecraft:pumpkin":14,"minecraft:polished_deepslate":3,"minecraft:deepslate_iron_ore":41,"minecraft:cobblestone_slab":4,"minecraft:rail":29,"minecraft:oak_stairs":17,"minecraft:stripped_oak_log":1,"minecraft:stone":703,"minecraft:sandstone_slab":3,"minecraft:deepslate_redstone_ore":19,"minecraft:birch_stairs":1,"minecraft:oak_slab":4,"minecraft:red_bed":3,"minecraft:smoker":2,"minecraft:dandelion":2,"minecraft:oak_fence":30,"minecraft:crafting_table":8,"minecraft:torch":21,"minecraft:poppy":3,"minecraft:chest":3,"minecraft:dead_bush":5,"minecraft:lectern":3,"minecraft:copper_ore":18,"minecraft:tall_grass":20,"minecraft:glass":2,"minecraft:cobblestone":7,"minecraft:oak_planks":149,"minecraft:diorite":12,"minecraft:wall_torch":2,"minecraft:blue_terracotta":1,"minecraft:birch_log":80,"minecraft:wheat":111,"minecraft:birch_trapdoor":3,"minecraft:lilac":2,"minecraft:birch_leaves":30,"minecraft:yellow_bed":9,"minecraft:grass":371,"minecraft:oak_log":356,"minecraft:coal_ore":337,"minecraft:beetroots":7,"minecraft:oak_fence_gate":3,"minecraft:gravel":4,"minecraft:sand":218,"minecraft:dirt":171,"minecraft:oak_leaves":276,"minecraft:deepslate":54},"minecraft:used":{"minecraft:oak_fence":32,"minecraft:oak_trapdoor":23,"minecraft:polished_deepslate":155,"minecraft:redstone":1,"minecraft:poppy":1,"minecraft:chest":27,"minecraft:shield":8,"minecraft:stone_hoe":120,"minecraft:iron_chestplate":1,"minecraft:oak_door":12,"minecraft:torch":72,"minecraft:brewing_stand":1,"minecraft:dirt":313,"minecraft:carrot":1,"minecraft:oak_fence_gate":5,"minecraft:wooden_axe":49,"minecraft:birch_sapling":3,"minecraft:iron_axe":665,"minecraft:oak_stairs":115,"minecraft:magma_block":9,"minecraft:birch_trapdoor":21,"minecraft:hay_block":27,"minecraft:oak_sapling":44,"minecraft:furnace":15,"minecraft:beetroot_seeds":15,"minecraft:cooked_beef":5,"minecraft:cobbled_deepslate":10,"minecraft:pumpkin":1,"minecraft:cooked_mutton":1,"minecraft:wheat_seeds":337,"minecraft:water_bucket":10,"minecraft:diorite":10,"minecraft:sandstone_stairs":1,"minecraft:stone_pickaxe":447,"minecraft:oak_planks":280,"minecraft:wooden_pickaxe":118,"minecraft:birch_boat":10,"minecraft:sandstone":6,"minecraft:composter":3,"minecraft:cobblestone_slab":121,"minecraft:stonecutter":1,"minecraft:warped_roots":1,"minecraft:oak_leaves":27,"minecraft:sand":231,"minecraft:oak_slab":28,"minecraft:red_bed":6,"minecraft:crafting_table":9,"minecraft:white_bed":2,"minecraft:shears":238,"minecraft:smoker":2,"minecraft:oak_log":322,"minecraft:apple":9,"minecraft:birch_slab":194,"minecraft:iron_pickaxe":845,"minecraft:bread":7,"minecraft:lectern":3,"minecraft:gravel":5,"minecraft:lilac":3,"minecraft:pufferfish":1,"minecraft:stone_axe":150,"minecraft:cobblestone":424,"minecraft:white_banner":2,"minecraft:cooked_porkchop":24,"minecraft:andesite":29,"minecraft:bucket":10,"minecraft:sandstone_slab":1,"minecraft:birch_log":33,"minecraft:glass_pane":6,"minecraft:yellow_bed":11,"minecraft:oak_boat":9,"minecraft:birch_stairs":11},"minecraft:picked_up":{"minecraft:crafting_table":8,"minecraft:iron_chestplate":4,"minecraft:wheat":109,"minecraft:sandstone_slab":5,"minecraft:chicken":7,"minecraft:oak_stairs":21,"minecraft:brewing_stand":1,"minecraft:shield":2,"minecraft:polished_deepslate":3,"minecraft:string":2,"minecraft:red_bed":4,"minecraft:raw_copper":63,"minecraft:pufferfish":1,"minecraft:beetroot":6,"minecraft:cobbled_deepslate":55,"minecraft:beef":30,"minecraft:oak_boat":10,"minecraft:cobblestone_slab":4,"minecraft:poppy":3,"minecraft:iron_pickaxe":4,"minecraft:lectern":3,"minecraft:chest":3,"minecraft:birch_sapling":3,"minecraft:furnace":11,"minecraft:stick":27,"minecraft:raw_iron":151,"minecraft:sandstone":7,"minecraft:oak_door":6,"minecraft:birch_trapdoor":3,"minecraft:oak_fence":30,"minecraft:torch":120,"minecraft:porkchop":25,"minecraft:diorite":12,"minecraft:carrot":1,"minecraft:redstone":162,"minecraft:stone_shovel":1,"minecraft:arrow":1,"minecraft:rotten_flesh":9,"minecraft:beetroot_seeds":15,"minecraft:hay_block":19,"minecraft:sandstone_stairs":1,"minecraft:rail":29,"minecraft:cobblestone":711,"minecraft:stripped_oak_log":2,"minecraft:birch_log":79,"minecraft:birch_leaves":26,"minecraft:magma_block":18,"minecraft:cooked_beef":5,"minecraft:lilac":3,"minecraft:glow_ink_sac":38,"minecraft:birch_slab":24,"minecraft:andesite":30,"minecraft:smoker":2,"minecraft:tuff":7,"minecraft:oak_log":451,"minecraft:yellow_bed":9,"minecraft:gunpowder":7,"minecraft:dirt":356,"minecraft:white_banner":2,"minecraft:bone":2,"minecraft:apple":9,"minecraft:wheat_seeds":342,"minecraft:stone_pickaxe":9,"minecraft:oak_fence_gate":3,"minecraft:oak_planks":166,"minecraft:oak_slab":5,"minecraft:birch_boat":10,"minecraft:pumpkin":14,"minecraft:dandelion":2,"minecraft:gravel":5,"minecraft:birch_stairs":1,"minecraft:sand":218,"minecraft:white_bed":5,"minecraft:spider_eye":1,"minecraft:diamond":9,"minecraft:stone_axe":2,"minecraft:bone_meal":5,"minecraft:warped_roots":1,"minecraft:oak_sapling":44,"minecraft:coal":353,"minecraft:oak_leaves":208},"minecraft:crafted":{"minecraft:oak_door":6,"minecraft:oak_planks":528,"minecraft:cobblestone_slab":126,"minecraft:cooked_chicken":4,"minecraft:birch_slab":192,"minecraft:furnace":4,"minecraft:stone":7,"minecraft:yellow_bed":2,"minecraft:cooked_mutton":19,"minecraft:glass_pane":16,"minecraft:oak_trapdoor":26,"minecraft:glass":8,"minecraft:bow":1,"minecraft:iron_boots":1,"minecraft:polished_deepslate":152,"minecraft:iron_axe":3,"minecraft:stone_pickaxe":4,"minecraft:chest":9,"minecraft:redstone_block":10,"minecraft:stone_hoe":1,"minecraft:stone_bricks":4,"minecraft:oak_fence":12,"minecraft:cooked_beef":38,"minecraft:red_dye":2,"minecraft:oak_slab":90,"minecraft:cooked_porkchop":25,"minecraft:crafting_table":1,"minecraft:wooden_pickaxe":2,"minecraft:iron_helmet":1,"minecraft:bowl":4,"minecraft:red_bed":2,"minecraft:birch_planks":184,"minecraft:bucket":1,"minecraft:hay_block":8,"minecraft:stone_axe":1,"minecraft:bread":11,"minecraft:air":0,"minecraft:dispenser":1,"minecraft:oak_fence_gate":2,"minecraft:yellow_dye":2,"minecraft:stick":48,"minecraft:iron_ingot":98,"minecraft:oak_stairs":100,"minecraft:iron_pickaxe":2,"minecraft:birch_trapdoor":22,"minecraft:wooden_axe":1,"minecraft:iron_leggings":1,"minecraft:stonecutter":1,"minecraft:composter":3,"minecraft:torch":8,"minecraft:birch_stairs":12,"minecraft:shears":1},"minecraft:killed_by":{"minecraft:skeleton":1},"minecraft:dropped":{"minecraft:iron_ingot":4,"minecraft:cooked_beef":4,"minecraft:oak_log":15,"minecraft:sandstone_slab":4,"minecraft:cobblestone":13,"minecraft:torch":21,"minecraft:wooden_axe":1,"minecraft:sand":2,"minecraft:stone_axe":1,"minecraft:cooked_chicken":3,"minecraft:wheat":1,"minecraft:stone_shovel":1,"minecraft:rotten_flesh":4,"minecraft:cobblestone_slab":1,"minecraft:iron_chestplate":2,"minecraft:stone_pickaxe":6},"minecraft:killed":{"minecraft:spider":1,"minecraft:skeleton":4,"minecraft:husk":7,"minecraft:creeper":2,"minecraft:zombie":12,"minecraft:glow_squid":10}},"DataVersion":3120}