{"stats":{"minecraft:broken":{"minecraft:iron_shovel":2,"minecraft:stone_pickaxe":1,"minecraft:diamond_shovel":1,"minecraft:wooden_axe":1,"minecraft:crossbow":1,"minecraft:stone_shovel":1,"minecraft:iron_axe":4,"minecraft:iron_pickaxe":6},"minecraft:picked_up":{"minecraft:iron_chestplate":1,"minecraft:wheat":3,"minecraft:nether_brick_fence":2,"minecraft:lead":3,"minecraft:diamond_sword":1,"minecraft:oak_stairs":6,"minecraft:enchanted_book":1,"minecraft:gilded_blackstone":17,"minecraft:stone_brick_stairs":6,"minecraft:brewing_stand":1,"minecraft:polished_deepslate":67,"minecraft:string":46,"minecraft:soul_soil":1,"minecraft:raw_copper":5,"minecraft:iron_leggings":1,"minecraft:pufferfish":2,"minecraft:oak_sign":37,"minecraft:gold_nugget":8,"minecraft:cobbled_deepslate":1083,"minecraft:bucket":2,"minecraft:cobblestone_slab":445,"minecraft:iron_pickaxe":3,"minecraft:iron_boots":1,"minecraft:furnace":4,"minecraft:golden_helmet":2,"minecraft:stick":31,"minecraft:birch_trapdoor":4,"minecraft:oak_fence":11,"minecraft:torch":56,"minecraft:acacia_log":8,"minecraft:porkchop":117,"minecraft:pointed_dripstone":34,"minecraft:diorite":8,"minecraft:golden_chestplate":1,"minecraft:stone_sword":2,"minecraft:rotten_flesh":1093,"minecraft:bookshelf":15,"minecraft:white_terracotta":1,"minecraft:blaze_rod":17,"minecraft:obsidian":29,"minecraft:cobblestone":760,"minecraft:birch_log":3,"minecraft:enchanting_table":1,"minecraft:magma_block":34,"minecraft:cooked_beef":22,"minecraft:feather":85,"minecraft:lilac":37,"minecraft:birch_slab":22,"minecraft:water_bucket":2,"minecraft:andesite":27,"minecraft:brown_wool":6,"minecraft:golden_leggings":1,"minecraft:smoker":2,"minecraft:potato":3,"minecraft:flint":9,"minecraft:tuff":137,"minecraft:lapis_lazuli":270,"minecraft:dirt":1673,"minecraft:glass":136,"minecraft:bone":86,"minecraft:bow":4,"minecraft:wheat_seeds":34,"minecraft:raw_gold":177,"minecraft:bell":2,"minecraft:grindstone":5,"minecraft:powered_rail":4,"minecraft:oak_planks":56,"minecraft:cooked_porkchop":9,"minecraft:music_disc_13":1,"minecraft:sand":1492,"minecraft:grass_block":3,"minecraft:spectral_arrow":33,"minecraft:mossy_cobblestone":46,"minecraft:light_gray_terracotta":1,"minecraft:dispenser":1,"minecraft:sugar":1,"minecraft:diamond":51,"minecraft:cracked_polished_blackstone_bricks":15,"minecraft:crossbow":2,"minecraft:granite":9,"minecraft:bone_meal":5,"minecraft:emerald":1,"minecraft:oak_sapling":38,"minecraft:netherrack":101,"minecraft:oak_leaves":102,"minecraft:diamond_pickaxe":3,"minecraft:mud":1,"minecraft:crafting_table":6,"minecraft:sandstone_slab":251,"minecraft:splash_potion":2,"minecraft:chicken":49,"minecraft:ladder":11,"minecraft:shield":2,"minecraft:oak_trapdoor":3,"minecraft:red_bed":5,"minecraft:iron_axe":1,"minecraft:acacia_door":1,"minecraft:flint_and_steel":3,"minecraft:blackstone":21,"minecraft:glass_pane":10,"minecraft:beef":189,"minecraft:oak_boat":29,"minecraft:poppy":2,"minecraft:light_gray_wool":15,"minecraft:lectern":9,"minecraft:chest":17,"minecraft:sugar_cane":400,"minecraft:birch_sapling":2,"minecraft:piston":23,"minecraft:phantom_membrane":20,"minecraft:egg":5,"minecraft:raw_iron":515,"minecraft:sandstone":28,"minecraft:stone":70,"minecraft:oak_door":7,"minecraft:bowl":4,"minecraft:polished_blackstone_bricks":38,"minecraft:carrot":6,"minecraft:redstone":311,"minecraft:arrow":94,"minecraft:stone_shovel":2,"minecraft:nether_bricks":48,"minecraft:hay_block":48,"minecraft:sandstone_stairs":8,"minecraft:yellow_terracotta":4,"minecraft:saddle":4,"minecraft:mutton":144,"minecraft:rail":71,"minecraft:white_wool":97,"minecraft:stripped_oak_log":1,"minecraft:birch_leaves":26,"minecraft:glow_ink_sac":19,"minecraft:cut_sandstone":49,"minecraft:leather":94,"minecraft:acacia_wood":1,"minecraft:crimson_fungus":1,"minecraft:oak_log":490,"minecraft:golden_boots":1,"minecraft:yellow_bed":6,"minecraft:nether_wart_block":2,"minecraft:gunpowder":118,"minecraft:paper":32,"minecraft:white_banner":12,"minecraft:orange_terracotta":9,"minecraft:cooked_mutton":5,"minecraft:apple":7,"minecraft:stone_bricks":8,"minecraft:iron_ingot":5,"minecraft:oak_fence_gate":2,"minecraft:cooked_chicken":3,"minecraft:oak_slab":21,"minecraft:birch_boat":8,"minecraft:pumpkin":13,"minecraft:chiseled_stone_bricks":5,"minecraft:stone_brick_slab":14,"minecraft:quartz":137,"minecraft:raw_iron_block":3,"minecraft:dripstone_block":52,"minecraft:gravel":138,"minecraft:birch_stairs":2,"minecraft:white_bed":12,"minecraft:crying_obsidian":4,"minecraft:spider_eye":14,"minecraft:diamond_shovel":3,"minecraft:stone_axe":1,"minecraft:iron_helmet":1,"minecraft:gray_wool":4,"minecraft:warped_roots":2,"minecraft:terracotta":5,"minecraft:melon_seeds":2,"minecraft:acacia_slab":29,"minecraft:black_wool":17,"minecraft:mangrove_propagule":2,"minecraft:coal":274,"minecraft:ender_pearl":18},"minecraft:used":{"minecraft:iron_shovel":500,"minecraft:polished_deepslate":3,"minecraft:ladder":11,"minecraft:oak_sign":1,"minecraft:chest":4,"minecraft:shield":49,"minecraft:stone":6,"minecraft:bell":2,"minecraft:rotten_flesh":5,"minecraft:iron_chestplate":1,"minecraft:nether_bricks":32,"minecraft:obsidian":1,"minecraft:glass":6,"minecraft:grass_block":1,"minecraft:stone_bricks":4,"minecraft:magma_block":13,"minecraft:oak_sapling":22,"minecraft:furnace":6,"minecraft:egg":5,"minecraft:oak_planks":17,"minecraft:stone_pickaxe":131,"minecraft:blackstone":21,"minecraft:wooden_pickaxe":6,"minecraft:sandstone":2,"minecraft:sand":28,"minecraft:crossbow":1,"minecraft:bread":8,"minecraft:lectern":10,"minecraft:lilac":18,"minecraft:pufferfish":1,"minecraft:nether_wart_block":2,"minecraft:diamond_sword":393,"minecraft:fire_charge":1,"minecraft:grindstone":3,"minecraft:oak_boat":26,"minecraft:air":1,"minecraft:oak_fence":17,"minecraft:enchanting_table":1,"minecraft:stone_shovel":131,"minecraft:cooked_chicken":4,"minecraft:netherrack":70,"minecraft:oak_door":2,"minecraft:torch":41,"minecraft:brewing_stand":1,"minecraft:dirt":374,"minecraft:wooden_axe":37,"minecraft:bookshelf":15,"minecraft:iron_axe":949,"minecraft:oak_stairs":2,"minecraft:acacia_slab":25,"minecraft:soul_soil":1,"minecraft:cooked_beef":47,"minecraft:cobbled_deepslate":608,"minecraft:cooked_mutton":30,"minecraft:birch_planks":3,"minecraft:birch_boat":8,"minecraft:cut_sandstone":1,"minecraft:polished_blackstone_bricks":38,"minecraft:crafting_table":7,"minecraft:red_bed":5,"minecraft:white_bed":12,"minecraft:smoker":2,"minecraft:oak_log":2,"minecraft:diamond_pickaxe":1622,"minecraft:diamond_shovel":1609,"minecraft:cracked_polished_blackstone_bricks":15,"minecraft:iron_pickaxe":1596,"minecraft:stone_axe":65,"minecraft:cobblestone":146,"minecraft:white_banner":3,"minecraft:sandstone_slab":27,"minecraft:yellow_bed":6},"minecraft:killed":{"minecraft:spider":17,"minecraft:skeleton":20,"minecraft:chicken":35,"minecraft:pig":41,"minecraft:creeper":23,"minecraft:sheep":60,"minecraft:pillager":22,"minecraft:zombie":281,"minecraft:blaze":3,"minecraft:cow":63,"minecraft:vindicator":5,"minecraft:phantom":6,"minecraft:drowned":1,"minecraft:husk":2,"minecraft:wandering_trader":1,"minecraft:ravager":2,"minecraft:hoglin":5,"minecraft:wither_skeleton":10,"minecraft:enderman":5},"minecraft:dropped":{"minecraft:porkchop":25,"minecraft:oak_log":64,"minecraft:ender_pearl":2,"minecraft:diamond":17,"minecraft:warped_roots":1,"minecraft:leather":21,"minecraft:dirt":76,"minecraft:cut_sandstone":1,"minecraft:gilded_blackstone":13,"minecraft:gold_nugget":2,"minecraft:sand":672,"minecraft:iron_pickaxe":3,"minecraft:acacia_door":1,"minecraft:gold_ingot":5,"minecraft:bone":9,"minecraft:crimson_fungus":1,"minecraft:stone_axe":2,"minecraft:sugar_cane":1,"minecraft:ancient_debris":1,"minecraft:golden_chestplate":1,"minecraft:cobbled_deepslate":37,"minecraft:birch_sapling":2,"minecraft:rotten_flesh":693,"minecraft:oak_planks":6,"minecraft:diamond_shovel":2,"minecraft:arrow":15,"minecraft:beef":30,"minecraft:crying_obsidian":2,"minecraft:quartz":23,"minecraft:golden_boots":1,"minecraft:bread":2,"minecraft:wheat_seeds":21,"minecraft:golden_helmet":2,"minecraft:lilac":2,"minecraft:lead":2,"minecraft:cobblestone":6,"minecraft:yellow_terracotta":4,"minecraft:grass_block":2,"minecraft:coal":11,"minecraft:pufferfish":1,"minecraft:diorite":6,"minecraft:paper":99,"minecraft:string":12,"minecraft:acacia_planks":6,"minecraft:redstone":1,"minecraft:polished_deepslate":63,"minecraft:stone_sword":1,"minecraft:light_gray_terracotta":1,"minecraft:stone_shovel":1,"minecraft:chicken":7,"minecraft:white_carpet":1,"minecraft:white_terracotta":1,"minecraft:cobblestone_slab":1,"minecraft:shield":2,"minecraft:diamond_chestplate":1,"minecraft:orange_terracotta":9,"minecraft:iron_chestplate":2,"minecraft:diamond_pickaxe":4,"minecraft:andesite":5,"minecraft:golden_leggings":1,"minecraft:oak_sapling":13,"minecraft:spider_eye":7,"minecraft:birch_boat":1,"minecraft:sandstone":1,"minecraft:bow":4,"minecraft:terracotta":5},"minecraft:crafted":{"minecraft:oak_planks":96,"minecraft:birch_boat":1,"minecraft:cooked_chicken":23,"minecraft:stone":64,"minecraft:diamond_shovel":1,"minecraft:bookshelf":1,"minecraft:cooked_mutton":52,"minecraft:brown_carpet":3,"minecraft:glass":13,"minecraft:diamond_helmet":1,"minecraft:diamond_leggings":1,"minecraft:iron_boots":1,"minecraft:stone_pressure_plate":1,"minecraft:chest":4,"minecraft:oak_fence":6,"minecraft:golden_boots":1,"minecraft:oak_slab":6,"minecraft:emerald":1,"minecraft:cooked_porkchop":33,"minecraft:crafting_table":2,"minecraft:acacia_slab":54,"minecraft:iron_helmet":1,"minecraft:wooden_pickaxe":1,"minecraft:birch_planks":12,"minecraft:lectern":1,"minecraft:iron_chestplate":3,"minecraft:book":49,"minecraft:paper":408,"minecraft:diamond_pickaxe":1,"minecraft:shield":3,"minecraft:stick":44,"minecraft:iron_ingot":437,"minecraft:iron_pickaxe":9,"minecraft:gold_ingot":83,"minecraft:raw_iron":27,"minecraft:stone_shovel":1,"minecraft:furnace":2,"minecraft:white_carpet":3,"minecraft:iron_axe":5,"minecraft:stone_pickaxe":1,"minecraft:diamond_boots":1,"minecraft:redstone_block":31,"minecraft:wheat":270,"minecraft:cooked_beef":63,"minecraft:diamond_sword":1,"minecraft:stone_axe":1,"minecraft:bread":90,"minecraft:air":0,"minecraft:oak_boat":1,"minecraft:wooden_axe":1,"minecraft:iron_shovel":2,"minecraft:iron_leggings":1,"minecraft:white_bed":1,"minecraft:acacia_planks":36,"minecraft:lapis_block":15,"minecraft:lapis_lazuli":27,"minecraft:diamond_chestplate":2},"minecraft:mined":{"minecraft:white_bed":12,"minecraft:brewing_stand":1,"minecraft:obsidian":25,"minecraft:acacia_log":8,"minecraft:grass_block":879,"minecraft:cracked_polished_blackstone_bricks":16,"minecraft:soul_soil":9,"minecraft:crimson_fungus":1,"minecraft:nether_wart":10,"minecraft:gilded_blackstone":5,"minecraft:sandstone_stairs":1,"minecraft:polished_blackstone_bricks":41,"minecraft:raw_iron_block":3,"minecraft:magma_block":14,"minecraft:iron_ore":55,"minecraft:cobbled_deepslate":77,"minecraft:fire":2,"minecraft:deepslate_lapis_ore":28,"minecraft:pointed_dripstone":2,"minecraft:dirt_path":14,"minecraft:oak_stairs":2,"minecraft:cut_sandstone":2,"minecraft:sandstone_slab":14,"minecraft:deepslate_redstone_ore":68,"minecraft:red_bed":5,"minecraft:blackstone":22,"minecraft:smoker":2,"minecraft:crimson_nylium":1,"minecraft:soul_fire":5,"minecraft:orange_terracotta":9,"minecraft:torch":12,"minecraft:light_gray_terracotta":1,"minecraft:chest":10,"minecraft:dead_bush":5,"minecraft:nether_quartz_ore":81,"minecraft:glass":16,"minecraft:cobblestone":47,"minecraft:grindstone":4,"minecraft:oak_planks":15,"minecraft:sugar_cane":305,"minecraft:wall_torch":16,"minecraft:white_terracotta":1,"minecraft:warped_nylium":4,"minecraft:nether_wart_block":2,"minecraft:birch_log":3,"minecraft:lilac":25,"minecraft:yellow_stained_glass_pane":1,"minecraft:grass":116,"minecraft:oak_log":472,"minecraft:sand":922,"minecraft:dirt":431,"minecraft:netherrack":75,"minecraft:oak_leaves":44,"minecraft:deepslate":1232,"minecraft:yellow_terracotta":4,"minecraft:crying_obsidian":1,"minecraft:tuff":75,"minecraft:deepslate_diamond_ore":35,"minecraft:oak_door":2,"minecraft:glow_lichen":1,"minecraft:ladder":1,"minecraft:nether_bricks":43,"minecraft:sandstone":5,"minecraft:hay_block":39,"minecraft:furnace":4,"minecraft:acacia_wood":1,"minecraft:orange_stained_glass_pane":1,"minecraft:andesite":5,"minecraft:bell":2,"minecraft:nether_brick_fence":1,"minecraft:polished_deepslate":42,"minecraft:deepslate_iron_ore":228,"minecraft:cobblestone_slab":65,"minecraft:stone":733,"minecraft:glass_pane":2,"minecraft:oak_fence":13,"minecraft:crafting_table":5,"minecraft:warped_roots":1,"minecraft:lectern":9,"minecraft:copper_ore":2,"minecraft:tall_grass":14,"minecraft:lapis_ore":4,"minecraft:deepslate_gold_ore":77,"minecraft:diorite":6,"minecraft:birch_leaves":2,"minecraft:white_wall_banner":1,"minecraft:yellow_bed":6,"minecraft:coal_ore":87,"minecraft:dripstone_block":29,"minecraft:gravel":50,"minecraft:acacia_door":1,"minecraft:terracotta":5,"minecraft:stone_bricks":4,"minecraft:gold_ore":4},"minecraft:custom":{"minecraft:interact_with_crafting_table":80,"minecraft:bell_ring":219,"minecraft:leave_game":13,"minecraft:time_since_death":429780,"minecraft:sprint_one_cm":1031151,"minecraft:damage_blocked_by_shield":1525,"minecraft:drop":157,"minecraft:talked_to_villager":67,"minecraft:play_time":582005,"minecraft:deaths":1,"minecraft:jump":7724,"minecraft:interact_with_brewingstand":4,"minecraft:walk_on_water_one_cm":42764,"minecraft:enchant_item":7,"minecraft:interact_with_furnace":314,"minecraft:traded_with_villager":1,"minecraft:interact_with_cartography_table":1,"minecraft:sleep_in_bed":9,"minecraft:damage_dealt":57918,"minecraft:crouch_one_cm":116784,"minecraft:interact_with_smoker":38,"minecraft:horse_one_cm":10242,"minecraft:interact_with_anvil":1,"minecraft:mob_kills":604,"minecraft:climb_one_cm":42853,"minecraft:walk_one_cm":1797536,"minecraft:raid_win":2,"minecraft:sneak_time":29423,"minecraft:walk_under_water_one_cm":37236,"minecraft:boat_one_cm":342106,"minecraft:total_world_time":582005,"minecraft:raid_trigger":2,"minecraft:interact_with_grindstone":5,"minecraft:interact_with_stonecutter":2,"minecraft:time_since_rest":10272,"minecraft:damage_taken":5248,"minecraft:swim_one_cm":38745,"minecraft:fly_one_cm":1594319,"minecraft:open_chest":474,"minecraft:fall_one_cm":226753},"minecraft:killed_by":{"minecraft:vindicator":1}},"DataVersion":3120}